family,outcome,contrast,mean_a,mean_b,diff,ci_low,ci_high,rel_lift,p_raw,p_holm,significant_holm
primary,visit,mens_email vs control,0.18275684047496127,0.10616727682343002,0.07658956365153125,0.06995330808373154,0.08322674127411137,0.721404616781399,5.719061071477795e-112,3.431436642886677e-111,True
primary,visit,womens_email vs control,0.151400383410483,0.10616727682343002,0.045233106587052985,0.03889409535998813,0.051574342962213596,0.4260550702669102,3.189700546547975e-44,1.5948502732739875e-43,True
primary,conversion,mens_email vs control,0.01253109306800582,0.005726086548390125,0.006805006519615695,0.005014344671481532,0.008640723396917826,1.188421876286328,1.5242158729730503e-13,6.096863491892201e-13,True
primary,conversion,womens_email vs control,0.008837144059475383,0.005726086548390125,0.003111057511085258,0.001501657131877008,0.004745471313672931,0.5433130436982172,0.00015713305889762766,0.0003142661177952553,True
primary,spend,mens_email vs control,1.422616511005773,0.6527893551112361,0.7698271558945368,0.4851397325684076,1.0545145792206658,1.1792887703620063,1.1638149682254818e-07,3.4914449046764456e-07,True
primary,spend,womens_email vs control,1.0772015710478329,0.6527893551112361,0.4244122159365967,0.16895678988377877,0.6798676419894147,0.6501518638646863,0.0011293971023632495,0.0011293971023632495,True
exploratory,visit,mens_email vs womens_email,0.18275684047496127,0.151400383410483,0.03135645706447826,0.024284125814801178,0.038427658709805516,0.20710949574984452,3.8055685405198134e-18,1.141670562155944e-17,True
exploratory,conversion,mens_email vs womens_email,0.01253109306800582,0.008837144059475383,0.003693949008530437,0.0017462848141901722,0.005662614423391559,0.4180025790764045,0.00020518903248749977,0.00041037806497499954,True
exploratory,spend,mens_email vs womens_email,1.422616511005773,1.0772015710478329,0.34541493995794004,0.03256144962609531,0.6582684302897848,0.32065952115344803,0.03046865118529923,0.03046865118529923,True
