arm,outcome,model,auuc_mean,auuc_sd,top20_mean,ate_mean,splits_beating_rule
mens_email,conversion,S-learner,0.00020517391578377619,0.0004399022055604973,0.008684994075546692,0.0067762617502821355,0.4
mens_email,conversion,T-learner,-1.1774690560987871e-05,0.0005382709697493439,0.008537476458128955,0.0067762617502821355,0.4
mens_email,conversion,X-learner,-1.9977567006169635e-05,0.0005140798974413083,0.008152842673777201,0.0067762617502821355,0.4
mens_email,conversion,Causal forest,0.00027275143404984734,0.00021779340883014544,0.008727960399983331,0.0067762617502821355,0.4
mens_email,conversion,Rule,0.00038187311399152663,0.0006392960021099017,0.009549151200487572,0.0067762617502821355,
mens_email,spend,S-learner,0.015248147619237951,0.028059332430409315,0.6522453532283514,0.7948946442507908,0.0
mens_email,spend,T-learner,-0.016084169363022247,0.04908256592551963,0.5627840025673956,0.7948946442507906,0.0
mens_email,spend,X-learner,-0.03357726718862775,0.03430558334656187,0.6949346319075186,0.7948946442507909,0.0
mens_email,spend,Causal forest,-0.005090408343288366,0.037328539558471985,0.9313280665426007,0.7948946442507906,0.0
mens_email,spend,Rule,0.07517222886356904,0.01759788876841006,1.5102835412772286,0.7948946442507907,
mens_email,visit,S-learner,0.001981998577653408,0.0008504997483053298,0.0905971423489133,0.07738822349427865,0.8
mens_email,visit,T-learner,0.0012809863722246452,0.000652136527554231,0.08640767025085835,0.07738822349427865,0.2
mens_email,visit,X-learner,0.0006913061304929547,0.0008292895669474388,0.08887911918713427,0.07738822349427865,0.0
mens_email,visit,Causal forest,0.0010822009882031892,0.0013228939023649756,0.08237718172446853,0.07738822349427865,0.0
mens_email,visit,Rule,0.0018061200952550112,0.0007359355583099692,0.09196621453781348,0.07738822349427865,
womens_email,conversion,S-learner,0.0006049491147767117,0.00015934552243792802,0.007007209908417772,0.003550215091428889,1.0
womens_email,conversion,T-learner,0.000347836501354091,0.00018554373988835776,0.0056106863233208164,0.003550215091428889,1.0
womens_email,conversion,X-learner,0.00042912352460014664,0.00014703753434772192,0.005512982844922515,0.003550215091428889,1.0
womens_email,conversion,Causal forest,0.0005785592154681069,0.00016344152300505767,0.006080090634498652,0.003550215091428889,1.0
womens_email,conversion,Rule,-0.00033363519953850224,0.0002368733557010896,0.0020088651219042036,0.003550215091428889,
womens_email,spend,S-learner,0.08383478972298689,0.03545780268861538,0.8352840457464914,0.5187698834641047,1.0
womens_email,spend,T-learner,0.07600550560532705,0.0494345015966247,1.0679138207518526,0.518769883464105,1.0
womens_email,spend,X-learner,0.0896097434821658,0.041939267124646414,1.0013269755552978,0.518769883464105,1.0
womens_email,spend,Causal forest,0.08530173129251317,0.039306293951856294,0.8891359542122753,0.5187698834641047,1.0
womens_email,spend,Rule,-0.028338885385190055,0.020704073774521832,0.616860174668289,0.5187698834641045,
womens_email,visit,S-learner,0.007368535147730495,0.001012754267853043,0.07696172371481744,0.04492794627172545,1.0
womens_email,visit,T-learner,0.006030996297650251,0.000978780807958966,0.07384305700382326,0.04492794627172545,1.0
womens_email,visit,X-learner,0.0064870734097731125,0.000827451943065142,0.07491683988377709,0.04492794627172545,1.0
womens_email,visit,Causal forest,0.007450877127272082,0.0009467536136488741,0.07102333840345239,0.04492794627172545,1.0
womens_email,visit,Rule,-0.0002329433232943199,0.000749679202047586,0.046920775518846145,0.04492794627172545,
