arm,outcome,model,auuc,auuc_lo,auuc_hi,perm_p,diff_vs_rule,diff_lo,diff_hi,top20_effect,top20_lo,top20_hi,ate_test
mens_email,conversion,S-learner,-0.00013168934688145086,-0.0009045578308284033,0.0006430346377009629,0.6433566433566433,-0.0009417304255011087,-0.0018405993551896854,-7.479256222129414e-05,0.004344311270446175,-0.0018130093443240807,0.011246098218725,0.0066636350463415515
mens_email,conversion,T-learner,-0.0007291201094677434,-0.0014822509575612066,5.2837718255533306e-05,0.977022977022977,-0.0015391611880874014,-0.002613419709542331,-0.0005297765183384412,0.00776671495460563,0.001389112353652224,0.014551544068420097,0.0066636350463415515
mens_email,conversion,X-learner,-0.0007576054112461155,-0.0014823737589416861,7.159500211944639e-06,0.9790209790209791,-0.0015676464898657734,-0.0026633208353627844,-0.000585972750090758,0.005788302387232593,0.00012132961551284632,0.011851606646262083,0.0066636350463415515
mens_email,conversion,Causal forest,0.00025866714074685137,-0.0004240812343911073,0.0009954337019422086,0.24975024975024976,-0.0005513739378728065,-0.0012064324617413228,9.760324326965035e-05,0.006416916629571917,0.0005756293314567512,0.012860891590253281,0.0066636350463415515
mens_email,conversion,Rule,0.0008100410786196579,8.871963918810879e-05,0.0015978387604189035,0.011988011988011988,,,,0.009079734599137659,0.0024018974466755235,0.015973751433093066,0.0066636350463415515
mens_email,spend,S-learner,-0.012661862007391528,-0.13335544477911934,0.10548945704892572,0.5884115884115884,-0.10015445173296535,-0.2746704180170079,0.06257853315165206,1.0215882073873994,0.021437189324053578,2.0188414085469897,0.8787953189484317
mens_email,spend,T-learner,-0.08516183605968024,-0.2276999610356057,0.06646825329949592,0.9120879120879121,-0.17265442578525406,-0.38096005672273137,0.05069588742742538,0.6375399610232744,-0.07280009807176017,1.437641681784253,0.878795318948431
mens_email,spend,X-learner,-0.08354072867227094,-0.22517299430391802,0.05715169521761484,0.9100899100899101,-0.17103331839784475,-0.37471917129906607,0.047325056580968305,0.4508835523521153,-0.17594176667561012,1.197099745588152,0.8787953189484314
mens_email,spend,Causal forest,0.014239428909945517,-0.11125215589723009,0.13413183548645177,0.42857142857142855,-0.0732531608156283,-0.21385337612384794,0.08150225903432458,0.9864455275586351,0.15044711916092043,2.0990583036804873,0.8787953189484318
mens_email,spend,Rule,0.08749258972557382,-0.052064323651672455,0.22655846163238788,0.08191808191808192,,,,1.4341692956383005,0.35184853808966293,2.5864430511380276,0.8787953189484314
mens_email,visit,S-learner,0.0017966090393201233,-0.0009497301962061743,0.004583399267971714,0.08291708291708291,0.0002740453655772563,-0.002288159328816526,0.0030319636252332293,0.08448053778936104,0.06182133424058526,0.10728579610037896,0.07705050550119086
mens_email,visit,T-learner,0.0013288750595268264,-0.0014988734951260094,0.004016818030530934,0.15784215784215785,-0.00019368861421604068,-0.003471806671777958,0.003136958490896339,0.08624141299769493,0.06364827332455468,0.10931148522900698,0.07705050550119086
mens_email,visit,X-learner,0.0006265418166782555,-0.002160700939254398,0.003349673128808349,0.3356643356643357,-0.0008960218570646115,-0.003952334488802124,0.002219848170522776,0.09005928982721793,0.06613328773603233,0.10977443810843698,0.07705050550119086
mens_email,visit,Causal forest,0.0004563555937313381,-0.0024317292165359364,0.003117034489551552,0.3876123876123876,-0.001066208080011529,-0.003287689943428518,0.0010672605987262405,0.07801534794740418,0.05607384053126595,0.10017440849917451,0.07705050550119086
mens_email,visit,Rule,0.001522563673742867,-0.0011403076445117245,0.0041345638138940615,0.1258741258741259,,,,0.09077112951896375,0.07043438869619191,0.11367038189499896,0.07705050550119086
womens_email,conversion,S-learner,0.0007780772201669112,4.58668810408992e-05,0.0015531059202253442,0.01098901098901099,0.0012201681329236202,0.0004158939044499269,0.0020214848687142143,0.008775446079277976,0.002374155732417591,0.015032323785294848,0.004186373586369805
womens_email,conversion,T-learner,0.0003508794787064636,-0.00033502335227955746,0.001116268810657264,0.17682317682317683,0.0007929703914631727,4.788832378963699e-05,0.001522866793657474,0.00547394920337352,-0.0005773290568883408,0.011590072218178763,0.004186373586369805
womens_email,conversion,X-learner,0.0003105315254266243,-0.0004168354584808519,0.0010369805453566265,0.20679320679320679,0.0007526224381833335,-6.384695712915314e-05,0.001561813574943032,0.003927450118834402,-0.002258268589653431,0.009857655001554099,0.004186373586369805
womens_email,conversion,Causal forest,0.0007177862840054769,-3.80025335514721e-05,0.00146786997249701,0.017982017982017984,0.001159877196762186,0.0003716631160269047,0.0019202817413325412,0.00815837841661332,0.0019214277456369765,0.014709050922255402,0.004186373586369805
womens_email,conversion,Rule,-0.0004420909127567091,-0.0011328113130343843,0.00023101903159809245,0.9100899100899101,,,,0.0031201126290507516,-0.0035349224089169552,0.009313007110755975,0.004186373586369805
womens_email,spend,S-learner,0.13329746831283384,0.015158433710789962,0.2572572205242545,0.005994005994005994,0.1897629301620329,0.07746830715502687,0.2967399332673047,1.2355240259513538,0.22099810959158991,2.3711493880928236,0.5701971620666282
womens_email,spend,T-learner,0.1359992259386505,0.008650657455862326,0.2583274247710294,0.005994005994005994,0.19246468778784956,0.07495120283950117,0.32244772890182827,1.1385654497797093,0.0704090517772525,2.3485304293314235,0.5701971620666286
womens_email,spend,X-learner,0.14721243024705827,0.025469659484913965,0.2789138638055208,0.004995004995004995,0.20367789209625733,0.09208044736804546,0.3322384427121773,1.2608326639328833,0.18919064557591192,2.441055274608454,0.5701971620666287
womens_email,spend,Causal forest,0.11738622963649589,-0.003476283449384927,0.2339055874341969,0.012987012987012988,0.17385169148569496,0.07271239299996961,0.28029514938117106,0.7416122765029567,-0.3010395841713251,1.8039597050428056,0.5701971620666282
womens_email,spend,Rule,-0.05646546184919906,-0.17086028755125016,0.05933940629686639,0.8321678321678322,,,,0.4682706808168378,-0.614541602214259,1.4172455990648498,0.5701971620666282
womens_email,visit,S-learner,0.008408995242362046,0.005687589451607372,0.01095469332772834,0.000999000999000999,0.008885935204267777,0.005564518482044366,0.011933728078967485,0.09484728273902579,0.07316455257637851,0.11602999056717281,0.0481334870017939
womens_email,visit,T-learner,0.0072625205797285635,0.004606058824364366,0.009888633812331649,0.000999000999000999,0.007739460541634294,0.00431141281899096,0.010963953771818257,0.08366336373275587,0.06457012250233352,0.10388385388286894,0.0481334870017939
womens_email,visit,X-learner,0.007277300287468322,0.004601951060166959,0.009967079990072469,0.000999000999000999,0.007754240249374053,0.004254427206800765,0.010944272693267584,0.08181492172153362,0.06001598780247039,0.10235450486900158,0.0481334870017939
womens_email,visit,Causal forest,0.008296681811700578,0.005873648847942697,0.010820209964377403,0.000999000999000999,0.00877362177360631,0.005391764516794379,0.011960827132072945,0.07681905122722388,0.05899656559589582,0.09808153739531367,0.0481334870017939
womens_email,visit,Rule,-0.00047693996190573064,-0.0031112300104226167,0.002163698608949469,0.6413586413586414,,,,0.04019401292685719,0.02228200596638531,0.059252916364737,0.0481334870017939
