arm,variable,level,n_treated,n_control,effect,ci_low,ci_high
mens_email,newbie,0,10621,10611,0.07783285081536925,0.06771423408571395,0.08794187849630732
mens_email,newbie,1,10686,10695,0.0753050156199182,0.06677036467989388,0.0838580172820568
mens_email,channel,Multichannel,2577,2606,0.08293672314062261,0.06257527343651498,0.1032727341018839
mens_email,channel,Phone,9240,9327,0.07560427135853316,0.06615313603941024,0.08507266308706941
mens_email,channel,Web,9490,9373,0.07556315210258555,0.06524655969587063,0.08587225210334243
mens_email,zip_code,Rural,3243,3139,0.07339826795812915,0.05420512618019952,0.09251991726434354
mens_email,zip_code,Suburban,9501,9625,0.07433718665294288,0.06466806026117193,0.08401667534569586
mens_email,zip_code,Urban,8563,8542,0.07964111521494538,0.06941820344087953,0.08987079275024233
mens_email,mens,0,9568,9519,0.0705795766326878,0.06105956947699458,0.08010690579931894
mens_email,mens,1,11739,11787,0.08156551512751978,0.07236340399925667,0.09076587547162537
mens_email,womens,0,9558,9638,0.06915516417042274,0.05955269651968108,0.07876694638947528
mens_email,womens,1,11749,11668,0.08255811704031121,0.07340553839515668,0.09170739544351655
mens_email,recency_group,1-3,7469,7438,0.08498165996578994,0.07270594320398098,0.09723780702918214
mens_email,recency_group,4-8,7157,7339,0.07022485178216188,0.059066700700021055,0.08140007123633386
mens_email,recency_group,9-12,6681,6529,0.0744891896421774,0.06383844059793878,0.08516381646861737
mens_email,history_tercile,high,7077,7092,0.08817845373600092,0.07559762779404465,0.10074047288043622
mens_email,history_tercile,low,7164,7071,0.0685669781045898,0.05803938238025821,0.07911180003511949
mens_email,history_tercile,middle,7066,7143,0.07339520631042233,0.062199349000030144,0.08460447809515716
womens_email,newbie,0,10624,10611,0.040122507630181464,0.030431316963900487,0.04981185627877488
womens_email,newbie,1,10763,10695,0.05041718035881851,0.04228263404380954,0.05856791439712132
womens_email,channel,Multichannel,2579,2606,0.04709997539010549,0.02757569396274343,0.06663000079420314
womens_email,channel,Phone,9454,9327,0.044629773745575654,0.035727912324018556,0.05354209793619275
womens_email,channel,Web,9354,9373,0.04567652217377893,0.03570681416357142,0.055648554616771456
womens_email,zip_code,Rural,3181,3139,0.02909487971097907,0.010656162492341078,0.04751169584446708
womens_email,zip_code,Suburban,9650,9625,0.04886266065540677,0.0396027014441345,0.058130749223173545
womens_email,zip_code,Urban,8556,8542,0.046943031758265336,0.037218804270903405,0.05667790420168182
womens_email,mens,0,9647,9519,0.07398533502084667,0.06444058473307455,0.08353437375281225
womens_email,mens,1,11740,11787,0.02175324098142367,0.01329319065963223,0.03021714990207768
womens_email,womens,0,9622,9638,0.011078467244666393,0.002406457041145442,0.01975510283354886
womens_email,womens,1,11765,11668,0.07311454855041033,0.06407173854630022,0.0821554853702906
womens_email,recency_group,1-3,7486,7438,0.04400017614667931,0.03226021133889572,0.05573351264313656
womens_email,recency_group,4-8,7269,7339,0.04294312328459805,0.032287603019597114,0.05361275785786397
womens_email,recency_group,9-12,6632,6529,0.04935422198187506,0.039185468710769625,0.059548842456169156
womens_email,history_tercile,high,7163,7092,0.049190161353556,0.03716172065092392,0.061209585317380334
womens_email,history_tercile,low,7100,7071,0.04853127533408626,0.038349021185712595,0.05873460662425685
womens_email,history_tercile,middle,7124,7143,0.03774254947242438,0.027185031722461055,0.048313170807709804
